{
  "best_score": 0.025123028116049394,
  "parameter_report": {
    "active_params": 185376,
    "all_params": 185376,
    "interaction_strength": 1.0,
    "module_params": {
      "context_encoder": 1390,
      "context_gate": 3232,
      "film": 5344,
      "indicator_encoder": 4672,
      "moe_experts": 138862,
      "prediction_head": 4353,
      "scale_fusion": 1219,
      "temporal_mixers": 26304
    },
    "router_init": "small_normal",
    "router_temperature": 0.5,
    "variant": "full"
  },
  "peak_gpu_memory_mb": 121.2763671875,
  "test": {
    "CostReturn@10": 0.00033264286373545443,
    "CostSharpe@10": 0.3839671537149035,
    "IC": 0.02509878406925952,
    "ICIR": 0.2564993211711425,
    "MeanValidAssets": 1022.7848101265823,
    "NumDays": 237,
    "OriginalIC": 0.025217366910771415,
    "OriginalICIR": 0.25822955090180466,
    "OriginalMSE": 0.00038245459897837326,
    "OriginalPositivePrecision@10": 0.5088607647185084,
    "OriginalSharpe@5": -1.357005044594407,
    "Precision@10": 0.05063291230407948,
    "RankIC": 0.02687452177719492,
    "RankICIR": 0.2618953758107037,
    "Return@10": 0.00037188337192839237,
    "Sharpe": 0.4294520175491129,
    "Sharpe@10": 0.4294520175491129,
    "Turnover@10": 0.039240506945280085,
    "context_gate_max": 0.21937015652656555,
    "context_gate_mean": 0.125922292470932,
    "context_gate_min": 0.091603122651577,
    "context_gate_std": 0.018882881850004196,
    "mse": 0.00038245459897837315,
    "num_days": 237,
    "num_valid_days": 237,
    "router_entropy_norm": 0.9998204338591005,
    "router_max_mean": 0.5064926743507385,
    "router_std": 0.007888367399573326,
    "scale_entropy_norm": 0.8615943857504315,
    "scale_max_mean": 0.5599334239959717,
    "scale_std": 0.17917948961257935
  }
}