{
  "best_score": 0.022392718753378307,
  "parameter_report": {
    "active_params": 107677,
    "all_params": 107677,
    "module_params": {
      "context_encoder": 1390,
      "context_gate": 3232,
      "indicator_encoder": 4554,
      "prediction_head": 4353,
      "single_expert": 67844,
      "temporal_mixers": 26304
    },
    "variant": "single_gate"
  },
  "peak_gpu_memory_mb": 116.00048828125,
  "test": {
    "CostReturn@10": -2.4657707998110572e-05,
    "CostSharpe@10": -0.03194998254495588,
    "IC": 0.0021131485096426515,
    "ICIR": 0.02053617431843267,
    "MeanValidAssets": 1022.7848101265823,
    "NumDays": 237,
    "Precision@10": 0.01898734205508534,
    "RankIC": 0.0019118589032755748,
    "RankICIR": 0.014454530975009552,
    "Return@10": 0.0006124731239517424,
    "Sharpe": 0.7928610622173986,
    "Sharpe@10": 0.7928610622173986,
    "Turnover@10": 0.6371308036682978,
    "mse": 0.0005601956547438632,
    "num_days": 237,
    "num_valid_days": 237
  }
}