epoch,epoch_sec,train_loss,train_grad_norm,val_loss,test_loss,val_RankIC,val_RankICIR,val_IC,val_ICIR,val_Precision@10,test_RankIC,test_RankICIR,test_IC,test_ICIR,test_Precision@10,test_Sharpe@10,test_Turnover@10,test_CostSharpe@10,best_score,bad_epochs
1,0.30951790000108304,0.23646926507353783,1.2443219125270844,0.20861534401774406,0.2085135318338871,0.0661654151044786,0.4686556297265456,0.010012522689066827,0.06601793433425582,0.5000000074505806,-0.18721803836524487,-0.8093592512650322,-0.1814514473080635,-0.8420448770557326,0.3750000074505806,628.1730052564944,0.3500000089406967,628.1730052564944,0.0661654151044786,0
2,0.06469759999890812,0.21904100477695465,0.4316231235861778,0.2091529555618763,0.20980362221598625,0.06954887276515365,0.49768059561053335,0.019074176903814077,0.1209331362491317,0.4750000089406967,-0.17969924956560135,-0.787441994282054,-0.17799890600144863,-0.8186168651463672,0.3750000074505806,628.1730052564944,0.3500000089406967,628.1730052564944,0.06954887276515365,0
