{
  "best_score": 0.029447589972920785,
  "test": {
    "IC": 0.02455811420178536,
    "ICIR": 0.267914264729958,
    "Precision@10": 0.05780590698122978,
    "RankIC": 0.02229730269021501,
    "Sharpe": 1.078793171159366,
    "mse": 0.00040705972951789307,
    "num_days": 237,
    "num_valid_days": 237
  }
}