{
  "best_score": 0.016764228195247668,
  "parameter_report": {
    "active_params": 318640,
    "all_params": 318640,
    "module_params": {
      "context_encoder": 1390,
      "context_gate": 3232,
      "film": 5344,
      "indicator_encoder": 4554,
      "moe_experts": 272244,
      "prediction_head": 4353,
      "scale_fusion": 1219,
      "temporal_mixers": 26304
    },
    "variant": "full"
  },
  "peak_gpu_memory_mb": 121.26220703125,
  "test": {
    "CostReturn@10": 0.0011595235962824962,
    "CostSharpe@10": 1.9106055201766996,
    "IC": 0.013008859357305405,
    "ICIR": 0.15739358982371127,
    "MeanValidAssets": 1022.7848101265823,
    "NumDays": 237,
    "Precision@10": 0.01940928298964279,
    "RankIC": 0.01754166980279916,
    "RankICIR": 0.16857887663581836,
    "Return@10": 0.0016979202463275375,
    "Sharpe": 2.7979998880038726,
    "Sharpe@10": 2.7979998880038726,
    "Turnover@10": 0.5383966308920193,
    "mse": 0.00043255259595234254,
    "num_days": 237,
    "num_valid_days": 237
  }
}