{
  "best_score": 0.029589810258051054,
  "test": {
    "IC": 0.02803239644380318,
    "ICIR": 0.28224836796025854,
    "Precision@10": 0.05443037673830986,
    "RankIC": 0.03275938520629454,
    "Sharpe": 1.1019082763704235,
    "mse": 0.0003929172106610187,
    "num_days": 237,
    "num_valid_days": 237
  }
}