{
  "best_score": 0.027381604860974698,
  "parameter_report": {
    "active_params": 42063,
    "all_params": 42063,
    "module_params": {
      "context_encoder": 1390,
      "film": 5344,
      "indicator_encoder": 4672,
      "prediction_head": 4353,
      "temporal_mixers": 26304
    },
    "variant": "context_only"
  },
  "peak_gpu_memory_mb": 117.04541015625,
  "test": {
    "CostReturn@10": 0.0004896624337669113,
    "CostSharpe@10": 0.5706182003101951,
    "IC": 0.02540551717830272,
    "ICIR": 0.2551783252603481,
    "MeanValidAssets": 1022.7848101265823,
    "NumDays": 237,
    "OriginalIC": 0.025388309148774886,
    "OriginalICIR": 0.25635827721635507,
    "OriginalMSE": 0.0003845459393871529,
    "OriginalPositivePrecision@10": 0.5054852374306711,
    "OriginalSharpe@5": -1.0038416697084904,
    "Precision@10": 0.049789030434964576,
    "RankIC": 0.03236487915666719,
    "RankICIR": 0.31363600782587214,
    "Return@10": 0.0004968354298882009,
    "Sharpe": 0.5789992847759717,
    "Sharpe@10": 0.5789992847759717,
    "Turnover@10": 0.007172995887476684,
    "mse": 0.00038454593938715283,
    "num_days": 237,
    "num_valid_days": 237
  }
}