{
  "best_score": 0.029920847366964962,
  "test": {
    "IC": 0.032551470037401393,
    "ICIR": 0.3382860666443488,
    "Precision@10": 0.05400843918323517,
    "RankIC": 0.030934439216015013,
    "Sharpe": 0.37695042497636044,
    "mse": 0.00040495212522297883,
    "num_days": 237,
    "num_valid_days": 237
  }
}