{
  "best_score": 0.01919087457506629,
  "parameter_report": {
    "active_params": 103055,
    "all_params": 103055,
    "module_params": {
      "indicator_encoder": 4554,
      "prediction_head": 4353,
      "static_expert": 67844,
      "temporal_mixers": 26304
    },
    "variant": "static"
  },
  "peak_gpu_memory_mb": 115.677734375,
  "test": {
    "CostReturn@10": 1.4278237439255094e-05,
    "CostSharpe@10": 0.022018686093384254,
    "IC": 0.010346413211786986,
    "ICIR": 0.12354008354889554,
    "MeanValidAssets": 1022.7848101265823,
    "NumDays": 237,
    "Precision@10": 0.015611814578625724,
    "RankIC": 0.01403597139673335,
    "RankICIR": 0.13162462028092742,
    "Return@10": 0.0006147002068860371,
    "Sharpe": 0.9494488114636187,
    "Sharpe@10": 0.9494488114636187,
    "Turnover@10": 0.6004219467944234,
    "mse": 0.0007286153726966694,
    "num_days": 237,
    "num_valid_days": 237
  }
}