{
  "best_score": 0.02628773158843008,
  "parameter_report": {
    "active_params": 108853,
    "all_params": 108853,
    "module_params": {
      "context_encoder": 1390,
      "context_gate": 3232,
      "indicator_encoder": 4672,
      "prediction_head": 4353,
      "single_expert": 68902,
      "temporal_mixers": 26304
    },
    "variant": "single_gate"
  },
  "peak_gpu_memory_mb": 118.59814453125,
  "test": {
    "CostReturn@10": 0.0006727320170948549,
    "CostSharpe@10": 0.7751043557082723,
    "IC": 0.023849831814188774,
    "ICIR": 0.24146970239125437,
    "MeanValidAssets": 1022.7848101265823,
    "NumDays": 237,
    "OriginalIC": 0.022614083553433275,
    "OriginalICIR": 0.2367830647190819,
    "OriginalMSE": 0.0006485191275207851,
    "OriginalPositivePrecision@10": 0.5118143507259808,
    "OriginalSharpe@5": -1.1528415231406688,
    "Precision@10": 0.04810126669673477,
    "RankIC": 0.026391822524478793,
    "RankICIR": 0.26013390019373206,
    "Return@10": 0.0006921413007171684,
    "Sharpe": 0.7971939752823806,
    "Sharpe@10": 0.7971939752823806,
    "Turnover@10": 0.01940928302107984,
    "mse": 0.0006485191275207851,
    "num_days": 237,
    "num_valid_days": 237
  }
}