{
  "best_score": 0.029139539261219427,
  "test": {
    "IC": 0.017866940256493078,
    "ICIR": 0.20927751548902895,
    "Precision@10": 0.04135020822286606,
    "RankIC": 0.015123949595923508,
    "Sharpe": 1.3037402748402667,
    "mse": 0.00045460682927599404,
    "num_days": 237,
    "num_valid_days": 237
  }
}