{
  "best_score": 0.026788885715336257,
  "parameter_report": {
    "active_params": 104231,
    "all_params": 104231,
    "module_params": {
      "indicator_encoder": 4672,
      "prediction_head": 4353,
      "static_expert": 68902,
      "temporal_mixers": 26304
    },
    "variant": "static"
  },
  "peak_gpu_memory_mb": 118.27490234375,
  "test": {
    "CostReturn@10": 0.0005948931334560141,
    "CostSharpe@10": 0.6354991584626398,
    "IC": 0.025962798848155322,
    "ICIR": 0.2808409940582191,
    "MeanValidAssets": 1022.7848101265823,
    "NumDays": 237,
    "Precision@10": 0.05232067597943519,
    "RankIC": 0.024981757556432112,
    "RankICIR": 0.2776186717235879,
    "Return@10": 0.0006750619136351347,
    "Sharpe": 0.7210318379677367,
    "Sharpe@10": 0.7210318379677367,
    "Turnover@10": 0.08016877769166407,
    "mse": 0.0003810692301534006,
    "num_days": 237,
    "num_valid_days": 237
  }
}