{
  "best_score": 0.026419532513948126,
  "parameter_report": {
    "active_params": 322990,
    "all_params": 322990,
    "module_params": {
      "context_encoder": 1390,
      "context_gate": 3232,
      "film": 5344,
      "indicator_encoder": 4672,
      "moe_experts": 276476,
      "prediction_head": 4353,
      "scale_fusion": 1219,
      "temporal_mixers": 26304
    },
    "variant": "full"
  },
  "peak_gpu_memory_mb": 123.9033203125,
  "test": {
    "CostReturn@10": 0.0012126484917617257,
    "CostSharpe@10": 1.3756985747358295,
    "IC": 0.02438700971594434,
    "ICIR": 0.2524163885806104,
    "MeanValidAssets": 1022.7848101265823,
    "NumDays": 237,
    "OriginalIC": 0.024369906800119245,
    "OriginalICIR": 0.25288821599525135,
    "OriginalMSE": 0.0003882904264658432,
    "OriginalPositivePrecision@10": 0.517299583786902,
    "OriginalSharpe@5": 0.4468543606996536,
    "Precision@10": 0.051054853144325785,
    "RankIC": 0.026420855677081467,
    "RankICIR": 0.2687162659103008,
    "Return@10": 0.0012493573542647967,
    "Sharpe": 1.417401914674595,
    "Sharpe@10": 1.417401914674595,
    "Turnover@10": 0.03670886133793537,
    "mse": 0.0003882904264658433,
    "num_days": 237,
    "num_valid_days": 237
  }
}