{
  "best_score": 0.02919749534512881,
  "test": {
    "IC": 0.016613698650921698,
    "ICIR": 0.21478281410535832,
    "Precision@10": 0.0569620244204998,
    "RankIC": 0.01140627281972156,
    "Sharpe": 1.7982076649869836,
    "mse": 0.0004023177886380197,
    "num_days": 237,
    "num_valid_days": 237
  }
}