epoch,epoch_sec,train_loss,train_grad_norm,val_loss,test_loss,val_RankIC,val_RankICIR,val_IC,val_ICIR,val_Precision@10,test_RankIC,test_RankICIR,test_IC,test_ICIR,test_Precision@10,test_Sharpe@10,test_Turnover@10,test_CostSharpe@10,best_score,bad_epochs
1,0.07408530000247993,0.09564025700092316,1.3504196107387543,0.0723339207470417,0.0717083029448986,-0.02969924733042717,-0.2280961222444275,0.01029008673503995,0.12286024273947897,0.45000000298023224,-0.011654135159915313,-0.12746628320219586,-0.020980543456971645,-0.285808459199375,0.45000001043081284,546.7383810779688,0.2750000022351742,546.7383810779688,-0.02969924733042717,0
2,0.07522510000126204,0.07783930748701096,0.21147453784942627,0.06966537237167358,0.06992251239717007,-0.020676693238783628,-0.3130512980459026,0.006159077864140272,0.0988030486535791,0.4750000014901161,-0.012030075304210186,-0.11330717109465406,-0.02180725848302245,-0.29926926215320676,0.4750000089406967,545.2939174352548,0.2500000074505806,545.2939174352548,-0.020676693238783628,0
