{
  "best_score": 0.017134399079305508,
  "parameter_report": {
    "active_params": 308845,
    "all_params": 308845,
    "module_params": {
      "context_encoder": 1390,
      "indicator_encoder": 4554,
      "moe_experts": 272244,
      "prediction_head": 4353,
      "temporal_mixers": 26304
    },
    "variant": "moe"
  },
  "peak_gpu_memory_mb": 119.875,
  "test": {
    "CostReturn@10": 0.0005881360037640849,
    "CostSharpe@10": 0.9131907916673861,
    "IC": 0.010950905391096652,
    "ICIR": 0.11822299747552377,
    "MeanValidAssets": 1022.7848101265823,
    "NumDays": 237,
    "Precision@10": 0.010970464298493752,
    "RankIC": 0.014456050454752858,
    "RankICIR": 0.11684850671233532,
    "Return@10": 0.0010071233654370677,
    "Sharpe": 1.5665861073634366,
    "Sharpe@10": 1.5665861073634366,
    "Turnover@10": 0.4189873482356092,
    "mse": 0.00047848243337852736,
    "num_days": 237,
    "num_valid_days": 237
  }
}