{
  "best_score": 0.030213797354557006,
  "test": {
    "IC": 0.014845040615679714,
    "ICIR": 0.1473360011490274,
    "Precision@10": 0.06033755838871002,
    "RankIC": 0.01899386297546441,
    "Sharpe": 0.8002500627729155,
    "mse": 0.0005856815633834588,
    "num_days": 237,
    "num_valid_days": 237
  }
}