{
  "best_score": 0.026926253599600703,
  "test": {
    "IC": 0.0304869867315789,
    "ICIR": 0.30946610041539596,
    "Precision@10": 0.058227844536304474,
    "RankIC": 0.029564840346402863,
    "Sharpe": 1.2115359295127732,
    "mse": 0.0004020855918738123,
    "num_days": 237,
    "num_valid_days": 237
  }
}