epoch,train_loss,val_loss,test_loss,val_RankIC,val_IC,test_RankIC,test_IC,best_score
1,0.0705840280531226,0.07007065483383716,0.06994054780856467,0.023546092395023036,0.03229599633694249,0.028786401002573164,0.03502411786530694,0.023546092395023036
2,0.0699102511679804,0.06992065140770541,0.06982178137272219,0.02603363171095095,0.035293746355501567,0.02940368750191565,0.030122351493112466,0.02603363171095095
3,0.06985557083342527,0.06982977667616473,0.06972688873483159,0.026516664635444557,0.03639040642075189,0.0297125830030892,0.030531797211770486,0.026516664635444557
4,0.06981791800542457,0.06998508938011669,0.0699131790910089,0.02674746379974143,0.036268060351306176,0.028817478522232473,0.02630940546873045,0.02674746379974143
5,0.06979911561954666,0.06982002043653102,0.06971485843638328,0.026926253599600703,0.0371706772299755,0.029564840346402863,0.0304869867315789,0.026926253599600703
