{
  "best_score": 0.016296792612564108,
  "parameter_report": {
    "active_params": 308845,
    "all_params": 308845,
    "module_params": {
      "context_encoder": 1390,
      "indicator_encoder": 4554,
      "moe_experts": 272244,
      "prediction_head": 4353,
      "temporal_mixers": 26304
    },
    "variant": "moe"
  },
  "peak_gpu_memory_mb": 119.87451171875,
  "test": {
    "CostReturn@10": 0.0006373382085000502,
    "CostSharpe@10": 0.9462161936464056,
    "IC": 0.005480688918020404,
    "ICIR": 0.05637439848758842,
    "MeanValidAssets": 1022.7848101265823,
    "NumDays": 237,
    "Precision@10": 0.01518987364406827,
    "RankIC": 0.008024493806341168,
    "RankICIR": 0.062915358895604,
    "Return@10": 0.0009601230339580883,
    "Sharpe": 1.4255470791171698,
    "Sharpe@10": 1.4255470791171698,
    "Turnover@10": 0.32278481609962156,
    "mse": 0.00047191452997472446,
    "num_days": 237,
    "num_valid_days": 237
  }
}