{
  "best_score": 0.019833039141736834,
  "parameter_report": {
    "active_params": 308845,
    "all_params": 308845,
    "module_params": {
      "context_encoder": 1390,
      "indicator_encoder": 4554,
      "moe_experts": 272244,
      "prediction_head": 4353,
      "temporal_mixers": 26304
    },
    "variant": "moe"
  },
  "peak_gpu_memory_mb": 119.87451171875,
  "test": {
    "CostReturn@10": 0.00017941696176360428,
    "CostSharpe@10": 0.2888601715203528,
    "IC": 0.00956809503345098,
    "ICIR": 0.10216113573171734,
    "MeanValidAssets": 1022.7848101265823,
    "NumDays": 237,
    "Precision@10": 0.018143460185970434,
    "RankIC": 0.010033918650750118,
    "RankICIR": 0.0846186841378815,
    "Return@10": 0.0007916532777630988,
    "Sharpe": 1.2777172239663457,
    "Sharpe@10": 1.2777172239663457,
    "Turnover@10": 0.6122362914216166,
    "mse": 0.0003924539136010014,
    "num_days": 237,
    "num_valid_days": 237
  }
}