{
  "best_score": 0.027390335663637546,
  "parameter_report": {
    "active_params": 185376,
    "all_params": 185376,
    "interaction_strength": 1.0,
    "module_params": {
      "context_encoder": 1390,
      "context_gate": 3232,
      "film": 5344,
      "indicator_encoder": 4672,
      "moe_experts": 138862,
      "prediction_head": 4353,
      "scale_fusion": 1219,
      "temporal_mixers": 26304
    },
    "router_init": "small_normal",
    "router_temperature": 0.5,
    "variant": "full"
  },
  "peak_gpu_memory_mb": 121.2763671875,
  "test": {
    "CostReturn@10": 0.0008200769837914877,
    "CostSharpe@10": 0.9091255119938778,
    "IC": 0.02422600422562434,
    "ICIR": 0.24514853574175186,
    "MeanValidAssets": 1022.7848101265823,
    "NumDays": 237,
    "OriginalIC": 0.024237774119207453,
    "OriginalICIR": 0.24579079608838128,
    "OriginalMSE": 0.000389197436331496,
    "OriginalPositivePrecision@10": 0.5105485277336861,
    "OriginalSharpe@5": 1.5663877111673354,
    "Precision@10": 0.053164557911424194,
    "RankIC": 0.0278251396084977,
    "RankICIR": 0.27688424507208215,
    "Return@10": 0.0008707098975888269,
    "Sharpe": 0.9653370191162428,
    "Sharpe@10": 0.9653370191162428,
    "Turnover@10": 0.05063291211545719,
    "context_gate_max": 0.8956049084663391,
    "context_gate_mean": 0.18257944285869598,
    "context_gate_min": 0.02014431729912758,
    "context_gate_std": 0.13945937156677246,
    "mse": 0.00038919743633149603,
    "num_days": 237,
    "num_valid_days": 237,
    "router_entropy_norm": 0.9996916518376485,
    "router_max_mean": 0.5097787380218506,
    "router_std": 0.01033702865242958,
    "scale_entropy_norm": 0.8400067099258579,
    "scale_max_mean": 0.6103703379631042,
    "scale_std": 0.20122216641902924
  }
}