{
  "best_score": 0.02756693405352428,
  "test": {
    "IC": 0.027135891420481197,
    "ICIR": 0.2727555989326824,
    "Precision@10": 0.051054853945970535,
    "RankIC": 0.032943018986747744,
    "Sharpe": 0.21517092425967926,
    "mse": 0.00043104275795767684,
    "num_days": 237,
    "num_valid_days": 237
  }
}