epoch,epoch_sec,train_loss,train_grad_norm,val_loss,test_loss,val_RankIC,val_RankICIR,val_IC,val_ICIR,val_Precision@10,test_RankIC,test_RankICIR,test_IC,test_ICIR,test_Precision@10,test_Sharpe@10,test_Turnover@10,test_CostSharpe@10,best_score,bad_epochs
1,0.08497380000335397,0.0846774224191904,1.068828746676445,0.07190165482461452,0.07131696306169033,-0.11992481350898743,-0.9378662115064353,-0.1233162060379982,-0.8439598344883695,0.45000000298023224,-0.1939849629998207,-1.046276543956633,-0.19123388081789017,-1.0648845962903282,0.45000001043081284,417.37800257733784,0.3500000089406967,417.37800257733784,-0.11992481350898743,0
