{
  "best_score": 0.027658777414339895,
  "test": {
    "IC": 0.03613502170729946,
    "ICIR": 0.3833066467965916,
    "Precision@10": 0.038396626710891724,
    "RankIC": 0.031091654429504848,
    "Sharpe": -0.321750431992548,
    "mse": 0.0005157111509129005,
    "num_days": 237,
    "num_valid_days": 237
  }
}