{
  "best_score": 0.03514563640514791,
  "test": {
    "IC": 0.020177886562956347,
    "ICIR": 0.2151317402732677,
    "Precision@10": 0.053164560347795486,
    "RankIC": 0.017249198403331757,
    "Sharpe": 1.2831176895224548,
    "mse": 0.00044024295437457923,
    "num_days": 237,
    "num_valid_days": 237
  }
}