{
  "best_score": 0.02726765087665251,
  "test": {
    "IC": 0.026389272908094626,
    "ICIR": 0.264629589786656,
    "Precision@10": 0.051898736506700516,
    "RankIC": 0.031345433955260585,
    "Sharpe": 0.6546379568313988,
    "mse": 0.0006126414298298287,
    "num_days": 237,
    "num_valid_days": 237
  }
}