{
  "best_score": 0.014753527743677195,
  "parameter_report": {
    "active_params": 107677,
    "all_params": 107677,
    "module_params": {
      "context_encoder": 1390,
      "context_gate": 3232,
      "indicator_encoder": 4554,
      "prediction_head": 4353,
      "single_expert": 67844,
      "temporal_mixers": 26304
    },
    "variant": "single_gate"
  },
  "peak_gpu_memory_mb": 116.00048828125,
  "test": {
    "CostReturn@10": 0.0004024403970106505,
    "CostSharpe@10": 0.5305094221281809,
    "IC": 0.01131676365945429,
    "ICIR": 0.08702968044253652,
    "MeanValidAssets": 1022.7848101265823,
    "NumDays": 237,
    "Precision@10": 0.015611814610062773,
    "RankIC": 0.012409127958144459,
    "RankICIR": 0.07288720602973695,
    "Return@10": 0.000731554336693356,
    "Sharpe": 0.9662016958665426,
    "Sharpe@10": 0.9662016958665426,
    "Turnover@10": 0.3291139284832568,
    "mse": 0.0007903561680653364,
    "num_days": 237,
    "num_valid_days": 237
  }
}