{
  "best_score": 0.02674257883041892,
  "test": {
    "IC": 0.02624776181155808,
    "ICIR": 0.26645376960774286,
    "Precision@10": 0.049789030104875565,
    "RankIC": 0.028735309618053404,
    "Sharpe": 0.9893381908873082,
    "mse": 0.000632685481753273,
    "num_days": 237,
    "num_valid_days": 237
  }
}