{
  "best_score": 0.02405485903797117,
  "parameter_report": {
    "active_params": 41945,
    "all_params": 41945,
    "module_params": {
      "context_encoder": 1390,
      "film": 5344,
      "indicator_encoder": 4554,
      "prediction_head": 4353,
      "temporal_mixers": 26304
    },
    "variant": "context_only"
  },
  "peak_gpu_memory_mb": 114.462890625,
  "test": {
    "CostReturn@10": -2.7811909139428713e-05,
    "CostSharpe@10": -0.06564617534092328,
    "IC": 0.0025738588307604965,
    "ICIR": 0.0268206898109002,
    "MeanValidAssets": 1022.7848101265823,
    "NumDays": 237,
    "Precision@10": 0.009704641494821396,
    "RankIC": 0.005590029653723702,
    "RankICIR": 0.044234126028432866,
    "Return@10": 0.0006021459266891345,
    "Sharpe": 1.4222208453427334,
    "Sharpe@10": 1.4222208453427334,
    "Turnover@10": 0.629957809635607,
    "mse": 0.0003934084179520501,
    "num_days": 237,
    "num_valid_days": 237
  }
}