{
  "best_score": 0.015602059820565277,
  "parameter_report": {
    "active_params": 103055,
    "all_params": 103055,
    "module_params": {
      "indicator_encoder": 4554,
      "prediction_head": 4353,
      "static_expert": 67844,
      "temporal_mixers": 26304
    },
    "variant": "static"
  },
  "peak_gpu_memory_mb": 115.67724609375,
  "test": {
    "CostReturn@10": 0.00017280683891072947,
    "CostSharpe@10": 0.24704926939277227,
    "IC": 0.005897732203500149,
    "ICIR": 0.06165082157077255,
    "MeanValidAssets": 1022.7848101265823,
    "NumDays": 237,
    "Precision@10": 0.01729957831685553,
    "RankIC": 0.010700525515044761,
    "RankICIR": 0.08739619337950048,
    "Return@10": 0.0008647899941410333,
    "Sharpe": 1.237892105502132,
    "Sharpe@10": 1.237892105502132,
    "Turnover@10": 0.691983124123344,
    "mse": 0.0005297248291791528,
    "num_days": 237,
    "num_valid_days": 237
  }
}